{"sane": true, "normalizes": true, "range": true, "log_prob": -1365.0425362289975, "avg_log_prob": -2.730085072457995, "perplexity": 15.334191481780241}